actor_entropy,actor_loss,actor_target_entropy,alpha_loss,alpha_value,batch_reward,critic_entropy,critic_entropy_max,critic_entropy_min,critic_loss,critic_norm_entropy,critic_norm_entropy_max,critic_norm_entropy_min,duration,episode,episode_reward,labeled_feedback,step,total_feedback,true_episode_reward
-57.91969565164906,-115079.49794013693,-6.0,-6.521168003099279,0.11825444318166543,0.09114307511198867,6.763327789497566,26.954695987033176,0.2344871984101443,313914385.36097354,1.5130451458233136,5.9500186121141585,0.0602045659091169,51.793742179870605,2.0,103.60305,0.0,2000,0.0,30.988507708679087
-144.7013383102417,-537242.46184375,-6.0,-26.66280703115463,0.18900003014958458,0.08447518661618232,5.279336963653565,26.705691789627075,5.899200660337555e-07,1689193120.32,1.014179145038128,5.130745967388153,1.13748110193157e-07,60.83598470687866,3.0,53.433098,0.0,3000,0.0,15.733571217246388
-167.47863529968262,-516816.2953125,-6.0,-47.21271857261658,0.2933483317630269,0.0849105139374733,5.1675570628643035,28.195888045310973,4.08279324304317e-07,1263661705.28,0.9423856762647629,5.142212563753128,7.443139769236495e-08,84.35696601867676,4.0,93.37122,0.0,4000,0.0,43.608799104780175
-74.29748743057252,-195180.859796875,-6.0,-26.776934580802916,0.39767291728352905,0.08258718564361334,4.852882037639618,28.265859521865845,4.910875184123142e-07,273679975.276,0.8599464926719665,5.007886512994766,8.699324545524689e-08,80.67028975486755,5.0,95.2882,0.0,5000,0.0,44.704732192484066
-44.15228705596924,-66164.529140625,-6.0,-18.32218848991394,0.4831860621593403,0.07804448737204076,4.2867630884647365,27.56585641670227,5.406583889282502e-07,41553627.134,0.7535666275024414,4.845680162668228,9.504039710783729e-08,95.57374835014343,6.0,49.04919,0.0,6000,0.0,12.683924506502635
-32.884473657608034,-25486.53216796875,-6.0,-15.886749238967896,0.5940304876131779,0.07728567370399833,4.00654485630989,26.907618173599243,5.823232869630602e-07,9725760.32275,0.7061147717237473,4.742228423118592,1.0263859647174911e-07,71.5250244140625,7.0,67.17709,0.0,7000,0.0,12.324978404878198
-31.932082290649415,-37379.715390625,-6.0,-20.058636826515198,0.7688565374526877,0.08249215904250741,3.9248784976005555,26.005142903327943,6.254420589328902e-07,14775507.92175,0.6984486649930477,4.628365101575851,1.113135908816787e-07,115.68185448646545,8.0,83.88148,0.0,8000,0.0,14.537363173209535
-33.43805373382568,-84801.579046875,-6.0,-30.04165906333923,1.0980173115878227,0.08733092182129622,3.662797562599182,25.313246841430665,6.812689827171425e-07,53269542.098,0.6599647831618786,4.561392703533173,1.227812695834274e-07,93.35378956794739,9.0,149.10295,0.0,9000,0.0,26.136997726598494
-39.5617126865387,-288677.6834375,-6.0,-56.1427276763916,1.6445287242459437,0.08391085509210824,3.3916288704872133,24.724769169807434,7.34530479732598e-07,515326062.456,0.6191359607875347,4.51359451675415,1.3411214433212138e-07,432.7775456905365,10.0,74.91984,0.0,10000,0.0,25.698171636883146
2.3570302065387367,-3.879576927408576,-6.0,16.493319908961652,1.983723313032664,0.08618582373857499,0.0,0.0,0.0,125.17775291252136,0.0,0.0,0.0,90.7210202217102,11.0,63.436836,0.0,11000,0.0,88.05270263351758
3.6516345796585084,-16.23295455932617,-6.0,16.41584206676483,1.7018244526477593,0.08785629972815513,0.0,0.0,0.0,10.31967994594574,0.0,0.0,0.0,55.94501233100891,12.0,132.84807,0.0,12000,0.0,36.160754417677836
3.838738869905472,-24.752134336471556,-6.0,13.873625055313111,1.4102759708918924,0.08928136079013348,0.0,0.0,0.0,3.9804553022384646,0.0,0.0,0.0,51.44175624847412,13.0,93.768135,0.0,13000,0.0,33.01541723821112
3.8932210862636567,-31.331021934509277,-6.0,11.350476717948913,1.1473502623711411,0.08920241732895375,0.0,0.0,0.0,2.168536784350872,0.0,0.0,0.0,57.29936671257019,14.0,97.06785,0.0,14000,0.0,28.69129359488877
3.9175326964855195,-36.60793541717529,-6.0,9.171078733444213,0.9247687372104259,0.08927570327371359,0.0,0.0,0.0,1.4905853098034858,0.0,0.0,0.0,25.588961124420166,15.0,92.56682,0.0,15000,0.0,30.292348095392253
3.931969513654709,-40.88497331237793,-6.0,7.369788865566254,0.742046303032538,0.08950652600079775,0.0,0.0,0.0,1.2321480849385262,0.0,0.0,0.0,105.62806248664856,16.0,93.91816,0.0,16000,0.0,29.245260317503934
3.9423938148021698,-44.23468772506714,-6.0,5.907880739212036,0.5942109765406842,0.08981488201767206,0.0,0.0,0.0,1.0459395073056221,0.0,0.0,0.0,32.54071569442749,17.0,95.07494,0.0,17000,0.0,30.869319313715906
3.9353057105541227,-46.79210026168823,-6.0,4.723940198898315,0.47547786458932095,0.09004453871399164,0.0,0.0,0.0,0.9283002871274948,0.0,0.0,0.0,33.64806413650513,18.0,92.13411,0.0,18000,0.0,29.511624544204075
3.9241487188339232,-48.68894227981568,-6.0,3.7749625570774077,0.38037437455783035,0.09007509327679873,0.0,0.0,0.0,0.8240239915847778,0.0,0.0,0.0,205.2113881111145,19.0,91.53402,0.0,19000,0.0,28.01694125715717
3.8989811964035033,-50.265369205474855,-6.0,3.0125620436668394,0.3043117576150604,0.08969316022843123,0.0,0.0,0.0,0.660282206505537,0.0,0.0,0.0,48.58866333961487,20.0,89.96678,0.0,20000,0.0,29.502836551218223
3.8397114691734315,-51.553693439483645,-6.0,2.396890837430954,0.24355314812501505,0.09003212782740593,0.0,0.0,0.0,0.621103984862566,0.0,0.0,0.0,75.43982148170471,21.0,89.83063,0.0,21000,0.0,24.791996857322037
3.7505568857192992,-52.35349911117554,-6.0,1.902477747440338,0.1950769986925319,0.08985627541691064,0.0,0.0,0.0,0.5514856603741646,0.0,0.0,0.0,34.70245909690857,22.0,90.13591,0.0,22000,0.0,25.702943389307404
3.6114388506412505,-52.90648670959472,-6.0,1.5035761390924454,0.15639553164981226,0.08990632124990225,0.0,0.0,0.0,0.4654437879174948,0.0,0.0,0.0,46.777587890625,23.0,86.78884,0.0,23000,0.0,32.057881735835934
3.414203486919403,-53.118934921264646,-6.0,1.1824301365613938,0.12554427180604769,0.08973306624591351,0.0,0.0,0.0,0.4161902423501015,0.0,0.0,0.0,34.87886929512024,24.0,89.99866,0.0,24000,0.0,32.75783857281271
3.184090348482132,-53.118682430267334,-6.0,0.9274713771939278,0.1009393887893334,0.08983555572479963,0.0,0.0,0.0,0.3439248034209013,0.0,0.0,0.0,49.78514385223389,25.0,86.055664,0.0,25000,0.0,21.77547859100481
2.94204887008667,-52.78059053039551,-6.0,0.7268471404314041,0.0812428517268664,0.08975714299827814,0.0,0.0,0.0,0.32564122147858143,0.0,0.0,0.0,155.18739557266235,26.0,88.54511,0.0,26000,0.0,25.398078711616662
2.6780207481384277,-52.37271678924561,-6.0,0.5682898190319539,0.06545101307471671,0.0901035550609231,0.0,0.0,0.0,0.2761254523843527,0.0,0.0,0.0,86.23610424995422,27.0,98.261536,0.0,27000,0.0,28.769686628759363
2.387761877655983,-51.84296082687378,-6.0,0.4429752824306488,0.05278390707547077,0.09000750866532325,0.0,0.0,0.0,0.25572929475456474,0.0,0.0,0.0,178.90855169296265,28.0,87.934265,0.0,28000,0.0,26.729650119748023
2.0672214645147324,-51.25852593994141,-6.0,0.34402047353982923,0.042607261290833524,0.0903802587017417,0.0,0.0,0.0,0.2323925349265337,0.0,0.0,0.0,212.71352338790894,29.0,94.733406,0.0,29000,0.0,29.60036505136106
1.6739308158159256,-50.57878415298462,-6.0,0.26474017165601255,0.03446273115793818,0.09059571205079556,0.0,0.0,0.0,0.18776506377756597,0.0,0.0,0.0,50.94815468788147,30.0,94.93806,0.0,30000,0.0,32.55484495064561
1.281092962116003,-49.88728364944458,-6.0,0.20358600009977817,0.027929352209339724,0.09071137149631978,0.0,0.0,0.0,0.16466340387612582,0.0,0.0,0.0,114.36181545257568,31.0,104.64648,0.0,31000,0.0,30.231764013588563
0.8600762006677687,-49.158691413879396,-6.0,0.155725584089756,0.022671257506710084,0.0917924392670393,0.0,0.0,0.0,0.15303570573776962,0.0,0.0,0.0,51.61597013473511,32.0,100.00709,0.0,32000,0.0,27.19647980176695
0.3762534692920744,-48.309044147491456,-6.0,0.11779144211858511,0.01844981765185432,0.09235977076739073,0.0,0.0,0.0,0.13695146817713977,0.0,0.0,0.0,47.49500346183777,33.0,109.65533,0.0,33000,0.0,26.601230095721114
-0.1445055427700281,-47.47076615524292,-6.0,0.08830572296679019,0.015059421763285502,0.09244718071818352,0.0,0.0,0.0,0.12194358178973198,0.0,0.0,0.0,45.51877212524414,34.0,113.7481,0.0,34000,0.0,24.845218722812906
-0.6844625928215683,-46.6926819229126,-6.0,0.06567225053161382,0.012328222644176951,0.09333428934961557,0.0,0.0,0.0,0.10732964764162899,0.0,0.0,0.0,33.42985963821411,35.0,118.54858,0.0,35000,0.0,25.692320720149514
-1.1896941080391408,-45.9253723564148,-6.0,0.04881912765651941,0.010134294427719827,0.0938878558203578,0.0,0.0,0.0,0.09519935402274132,0.0,0.0,0.0,76.43780088424683,36.0,112.32885,0.0,36000,0.0,52.68785510294404
-1.541458972081542,-45.14917342376709,-6.0,0.03716960156150162,0.008315831255533632,0.09521100056916475,0.0,0.0,0.0,0.09495373215526343,0.0,0.0,0.0,53.04648423194885,37.0,133.39584,0.0,37000,0.0,26.710885810653124
-2.336800978958607,-44.36625549697876,-6.0,0.025282577208243312,0.006878206418356321,0.09638435649126768,0.0,0.0,0.0,0.08251584078744054,0.0,0.0,0.0,39.68223857879639,38.0,128.1888,0.0,38000,0.0,46.10012863433191
-2.861088028073311,-43.609692504882815,-6.0,0.01809089575801045,0.005759818152418696,0.09755341833084821,0.0,0.0,0.0,0.07358537377789616,0.0,0.0,0.0,36.58484721183777,39.0,156.72829,0.0,39000,0.0,33.074288809637466
-3.161786348104477,-42.859149379730226,-6.0,0.013634262985084206,0.004794700138500864,0.09840759754925966,0.0,0.0,0.0,0.07103556776791811,0.0,0.0,0.0,45.693684339523315,40.0,122.11947,0.0,40000,0.0,39.81043332092397
-3.750440894603729,-42.09374589157105,-6.0,0.009057682073209434,0.004021336068921473,0.099011319167912,0.0,0.0,0.0,0.06260384544543922,0.0,0.0,0.0,89.22681522369385,41.0,150.3547,0.0,41000,0.0,37.188114986796805
-4.453120148897171,-41.426849018096924,-6.0,0.005334516482660547,0.0034335848734664072,0.09986641366779804,0.0,0.0,0.0,0.0545263840071857,0.0,0.0,0.0,57.10807824134827,42.0,97.94464,0.0,42000,0.0,56.19255477149498
-5.221582925319671,-40.79017735671997,-6.0,0.0023866533607724704,0.0030447721555359815,0.10205693897604942,0.0,0.0,0.0,0.0504864955265075,0.0,0.0,0.0,20.803526401519775,43.0,175.17232,0.0,43000,0.0,51.46056504955114
-5.88377773809433,-40.12275790786743,-6.0,0.0003363798697973834,0.0028781363355924526,0.10386161012947559,0.0,0.0,0.0,0.04956586312875152,0.0,0.0,0.0,19.760927200317383,44.0,198.48819,0.0,44000,0.0,72.83002297083519
-6.107086534976959,-39.452043842315675,-6.0,-0.00031010136236000107,0.002898614628696521,0.10628827327489852,0.0,0.0,0.0,0.054529849968850616,0.0,0.0,0.0,21.526811122894287,45.0,172.88036,0.0,45000,0.0,32.17118294432467
-6.069624703407287,-38.826445419311526,-6.0,-0.00020642532287456561,0.00300042231201212,0.10754389273375273,0.0,0.0,0.0,0.04867114968970418,0.0,0.0,0.0,26.90287137031555,46.0,186.62756,0.0,46000,0.0,42.84400516042756
-6.087809498310089,-38.28142090988159,-6.0,-0.00026920204050838946,0.003059789137588147,0.11033525624126196,0.0,0.0,0.0,0.04545573903061449,0.0,0.0,0.0,25.065893173217773,47.0,207.92197,0.0,47000,0.0,58.686050982587695
-6.00000311422348,-37.790843700408935,-6.0,1.114883561967872e-06,0.0031929371310713862,0.11193164145201445,0.0,0.0,0.0,0.04571424298733473,0.0,0.0,0.0,21.12340211868286,48.0,227.16142,0.0,48000,0.0,114.64001265723715
-6.006038638114929,-37.30605093383789,-6.0,-1.8063025116134666e-05,0.0031097208281017667,0.11436900515109301,0.0,0.0,0.0,0.04310739225335419,0.0,0.0,0.0,19.71186089515686,49.0,211.71716,0.0,49000,0.0,91.79886101068591
-6.145163445949555,-36.853103694915774,-6.0,-0.00047598587052925724,0.003347697135396873,0.11698197311908007,0.0,0.0,0.0,0.04229463120922446,0.0,0.0,0.0,23.13987421989441,50.0,228.31602,0.0,50000,0.0,90.7257371964854
-6.106929840564728,-36.423826118469236,-6.0,-0.0003771961106576782,0.0035148154978728928,0.1194577798768878,0.0,0.0,0.0,0.03742384811490774,0.0,0.0,0.0,34.70573949813843,51.0,246.88591,0.0,51000,0.0,99.08843793414304
-6.029456340789795,-36.02518858718872,-6.0,-0.00010768785174150252,0.0036830636937176496,0.12218917039781808,0.0,0.0,0.0,0.0399031927138567,0.0,0.0,0.0,21.449739456176758,52.0,246.85695,0.0,52000,0.0,101.86564329427544
-6.040620387554169,-35.67188589859009,-6.0,-0.00015208696256013355,0.0037676988858815624,0.12507098367065192,0.0,0.0,0.0,0.03543697641883045,0.0,0.0,0.0,22.883169889450073,53.0,259.2289,0.0,53000,0.0,101.0132060613523
-5.997316621780396,-35.317298442840574,-6.0,1.0912061581620947e-05,0.0038337819285383904,0.12706892582029103,0.0,0.0,0.0,0.038869856448844074,0.0,0.0,0.0,34.69570541381836,54.0,263.02228,0.0,54000,0.0,105.08260246456737
-5.988513570308685,-34.96843674087524,-6.0,4.4585203599126546e-05,0.003826880539859276,0.13009948229044677,0.0,0.0,0.0,0.0362163808029145,0.0,0.0,0.0,17.8312566280365,55.0,256.71762,0.0,55000,0.0,103.2867614226178
-5.960560185909271,-34.65178223800659,-6.0,0.00014813834050437437,0.003726404520776951,0.13212242122739554,0.0,0.0,0.0,0.03534691788256168,0.0,0.0,0.0,20.276353359222412,56.0,267.29065,0.0,56000,0.0,84.95876041769448
-6.036680611133575,-34.34329206466675,-6.0,-0.00013582032194244675,0.003749566926666044,0.13523602405190469,0.0,0.0,0.0,0.034060079117305575,0.0,0.0,0.0,23.655471563339233,57.0,267.2881,0.0,57000,0.0,121.16810110527094
-6.0117628316879275,-34.06027172851562,-6.0,-4.3599267948593476e-05,0.003816622678615513,0.13682721478492021,0.0,0.0,0.0,0.03345094185508787,0.0,0.0,0.0,23.704802751541138,58.0,274.57843,0.0,58000,0.0,117.5159192190785
-6.033047538757324,-33.77598944091797,-6.0,-0.00012626691602781647,0.003845591683505037,0.13926618576049804,0.0,0.0,0.0,0.03261259642615914,0.0,0.0,0.0,20.63459014892578,59.0,276.32407,0.0,59000,0.0,122.00119778849462
-5.960979548454285,-33.48228647232056,-6.0,0.00015117551246657967,0.003779781582731638,0.14121053376048803,0.0,0.0,0.0,0.0316353691983968,0.0,0.0,0.0,39.04179239273071,60.0,281.36023,0.0,60000,0.0,122.61977120517196
-6.0368571743965145,-33.20525635147095,-6.0,-0.00014091377342992928,0.0038593592956686885,0.1428923521861434,0.0,0.0,0.0,0.029068415374495088,0.0,0.0,0.0,37.2825231552124,61.0,187.98279,0.0,61000,0.0,87.28319912045059
-5.986347789287567,-32.969153804779054,-6.0,5.377300198597368e-05,0.003894387804129294,0.1448855869397521,0.0,0.0,0.0,0.029977774241939186,0.0,0.0,0.0,30.6105477809906,62.0,274.87225,0.0,62000,0.0,113.1245746679425
-6.035260793209076,-32.74186865997314,-6.0,-0.00013666609142092055,0.003910051255539922,0.1470206066071987,0.0,0.0,0.0,0.029246883520856498,0.0,0.0,0.0,30.02339482307434,63.0,285.6507,0.0,63000,0.0,121.66165931696962
-6.013870595932007,-32.51634019088745,-6.0,-5.4250588436843825e-05,0.0039397720167160324,0.1490756134837866,0.0,0.0,0.0,0.029511184565722944,0.0,0.0,0.0,38.743567943573,64.0,280.35617,0.0,64000,0.0,119.44382476819128
-5.98964847946167,-32.295386976242064,-6.0,4.2109049114515074e-05,0.003979270654265712,0.15170217400044203,0.0,0.0,0.0,0.024907107029110195,0.0,0.0,0.0,31.11687397956848,65.0,279.43195,0.0,65000,0.0,112.29082920523905
-5.977842955589295,-32.06840822601318,-6.0,8.788661800645059e-05,0.0039474314255972115,0.15319903234392404,0.0,0.0,0.0,0.030022600595839322,0.0,0.0,0.0,30.81166100502014,66.0,263.20847,0.0,66000,0.0,51.970087196053534
-5.9965567941665645,-31.8547408618927,-6.0,1.4015295193530619e-05,0.0038885893894201945,0.1539609637260437,0.0,0.0,0.0,0.02589189289882779,0.0,0.0,0.0,32.24293351173401,67.0,284.93234,0.0,67000,0.0,116.06009606960023
-5.994196182250977,-31.641491901397703,-6.0,2.330493280896917e-05,0.0039034711778364135,0.15733084160089492,0.0,0.0,0.0,0.026905130547471345,0.0,0.0,0.0,95.68248987197876,68.0,277.54578,0.0,68000,0.0,48.48791881207096
-6.050188670635223,-31.472626863479615,-6.0,-0.000197312994801905,0.003951790696863624,0.15907657565176486,0.0,0.0,0.0,0.027139312165789305,0.0,0.0,0.0,23.580618858337402,69.0,288.31177,0.0,69000,0.0,114.57610123335148
-5.998987665176392,-31.3000492477417,-6.0,4.752807970362482e-06,0.0040009548236325495,0.1602243734151125,0.0,0.0,0.0,0.025733675397932528,0.0,0.0,0.0,23.235198736190796,70.0,285.293,0.0,70000,0.0,114.11437709110139
-5.991723129749298,-31.12962606430054,-6.0,3.425269053695956e-05,0.004027523533823187,0.16259884264320135,0.0,0.0,0.0,0.025104052760638297,0.0,0.0,0.0,35.82361459732056,71.0,290.96347,0.0,71000,0.0,121.42471374303523
-6.00181635093689,-30.95355989074707,-6.0,-6.395367527147755e-06,0.0040008539092984356,0.1641914564371109,0.0,0.0,0.0,0.025212710902094843,0.0,0.0,0.0,27.928098917007446,72.0,287.32336,0.0,72000,0.0,83.17420481553147
-6.00360908126831,-30.7882527885437,-6.0,-1.3621955200505909e-05,0.004045650196712379,0.16541216422617436,0.0,0.0,0.0,0.02462209524586797,0.0,0.0,0.0,63.14846229553223,73.0,286.69992,0.0,73000,0.0,94.28502166824882
-5.995159387111664,-30.621107078552246,-6.0,2.0380657868372508e-05,0.0039863268160834535,0.16789167036116123,0.0,0.0,0.0,0.027067202262580393,0.0,0.0,0.0,42.236363887786865,74.0,276.535,0.0,74000,0.0,40.318054717311426
-5.990801479816437,-30.490654863357545,-6.0,3.720482873904984e-05,0.003959665103982195,0.16896985167264938,0.0,0.0,0.0,0.024601661574095487,0.0,0.0,0.0,32.429386377334595,75.0,294.7424,0.0,75000,0.0,113.96492886336733
-6.034256247997284,-30.371588115692138,-6.0,-0.00013697764287644532,0.003996804686790374,0.17123637318611146,0.0,0.0,0.0,0.023995110305026175,0.0,0.0,0.0,40.45555257797241,76.0,284.2717,0.0,76000,0.0,118.59454493197762
-5.992656202316284,-30.24672777938843,-6.0,3.0552660769899376e-05,0.004049635535937909,0.17238363847136498,0.0,0.0,0.0,0.024285391215234996,0.0,0.0,0.0,104.23337531089783,77.0,293.00903,0.0,77000,0.0,114.0199983534273
-5.977287305355072,-30.127768259048462,-6.0,9.183517398923868e-05,0.0039697292649985404,0.17349107493460178,0.0,0.0,0.0,0.022374155431985857,0.0,0.0,0.0,37.38404440879822,78.0,292.91827,0.0,78000,0.0,122.67226598984459
-6.008038801670074,-30.025074432373046,-6.0,-3.121618221121025e-05,0.0039821430192208225,0.17540260861814022,0.0,0.0,0.0,0.02422579501848668,0.0,0.0,0.0,26.95063853263855,79.0,290.9063,0.0,79000,0.0,113.2330809243352
-6.011416310787201,-29.926447053909303,-6.0,-4.514674532401841e-05,0.004012600358915068,0.1766945403367281,0.0,0.0,0.0,0.02295271619129926,0.0,0.0,0.0,29.13907766342163,80.0,297.6993,0.0,80000,0.0,120.89295600934366
-5.978356911182404,-29.823021072387697,-6.0,8.716794932843187e-05,0.003998049145987787,0.1786330909281969,0.0,0.0,0.0,0.021838580773212015,0.0,0.0,0.0,50.31280517578125,81.0,301.88812,0.0,81000,0.0,119.75493967037903
-6.019813658714295,-29.72356558227539,-6.0,-7.845422731043072e-05,0.003959074577944353,0.18014588901400566,0.0,0.0,0.0,0.02312207482289523,0.0,0.0,0.0,38.421180725097656,82.0,300.4883,0.0,82000,0.0,120.98764896594831
-6.010631469726563,-29.61813052177429,-6.0,-4.216350737624452e-05,0.004053301030252623,0.18111304807662965,0.0,0.0,0.0,0.022086442973464727,0.0,0.0,0.0,35.96481394767761,83.0,295.12268,0.0,83000,0.0,119.07682599677067
-5.98005276966095,-29.52813654708862,-6.0,8.100292793096741e-05,0.004000191802973213,0.18336318103969096,0.0,0.0,0.0,0.021427726697176696,0.0,0.0,0.0,138.0672025680542,84.0,285.09348,0.0,84000,0.0,44.40990330808699
-6.0188474283218385,-29.41714973258972,-6.0,-7.521778436057502e-05,0.004046245319849489,0.18337837095558643,0.0,0.0,0.0,0.0225475158020854,0.0,0.0,0.0,47.5112030506134,85.0,293.7424,0.0,85000,0.0,120.19157431999966
-5.988309733867645,-29.31996672439575,-6.0,4.79349068555166e-05,0.0040487437611384895,0.1848509100675583,0.0,0.0,0.0,0.0222623513257131,0.0,0.0,0.0,25.660664796829224,86.0,290.9386,0.0,86000,0.0,39.906447161476834
-5.96381840467453,-29.223480556488038,-6.0,0.00014421977364690976,0.00398508890496454,0.18635982336103915,0.0,0.0,0.0,0.021483709674328565,0.0,0.0,0.0,26.372570037841797,87.0,290.32962,0.0,87000,0.0,110.50364678424587
-6.024395545482635,-29.131137121200563,-6.0,-9.555502600414911e-05,0.00396415749927858,0.18768727095425128,0.0,0.0,0.0,0.021666286005638538,0.0,0.0,0.0,28.044355869293213,88.0,281.60272,0.0,88000,0.0,45.578828309741525
-5.970089324474335,-29.05842238044739,-6.0,0.00011829506787762512,0.0039466165308417595,0.18841362173855306,0.0,0.0,0.0,0.02153336409945041,0.0,0.0,0.0,26.737163066864014,89.0,303.04724,0.0,89000,0.0,114.78596043611246
-6.047531073093414,-28.997124700546266,-6.0,-0.0001875687839856255,0.003976534021825788,0.1907330595254898,0.0,0.0,0.0,0.022410323413088917,0.0,0.0,0.0,30.625508785247803,90.0,300.67288,0.0,90000,0.0,119.03246719272705
-5.982610986709595,-28.89955657196045,-6.0,7.037663581286325e-05,0.004020502619520944,0.19118430122733115,0.0,0.0,0.0,0.021352372746914625,0.0,0.0,0.0,35.14605236053467,91.0,293.12256,0.0,91000,0.0,41.4928642803905
-5.982197140693665,-28.82822820854187,-6.0,7.107336443004897e-05,0.003989839535440805,0.19220029000937938,0.0,0.0,0.0,0.022168570844456552,0.0,0.0,0.0,27.808618783950806,92.0,292.0721,0.0,92000,0.0,50.42213439823914
-6.035203611850738,-28.758425685882568,-6.0,-0.0001392045783904905,0.003978823324647629,0.19357740956544875,0.0,0.0,0.0,0.02092454619985074,0.0,0.0,0.0,32.810609102249146,93.0,300.90082,0.0,93000,0.0,119.38909890605566
-5.978845015525818,-28.689458684921263,-6.0,8.504174206609605e-05,0.0039976209469886285,0.19468072332441808,0.0,0.0,0.0,0.020310673689469694,0.0,0.0,0.0,70.02261710166931,94.0,295.8805,0.0,94000,0.0,50.759394934414004
-6.009955455303192,-28.645332941055297,-6.0,-3.900286350835813e-05,0.0039974445222219915,0.1942726645618677,0.0,0.0,0.0,0.02026307439059019,0.0,0.0,0.0,24.70785164833069,95.0,302.14536,0.0,95000,0.0,117.45565743479133
-5.986017748832703,-28.579391887664794,-6.0,5.618407529982505e-05,0.00395245788617136,0.19646983867883683,0.0,0.0,0.0,0.020980007277801634,0.0,0.0,0.0,24.94818925857544,96.0,301.4171,0.0,96000,0.0,117.24807797208274
-5.992098187923431,-28.508172729492188,-6.0,3.170089034028933e-05,0.003922102325246927,0.19748651444911958,0.0,0.0,0.0,0.02014225993398577,0.0,0.0,0.0,22.563865900039673,97.0,293.89642,0.0,97000,0.0,32.54827400156549
-6.013410031795502,-28.437903163909912,-6.0,-5.229537769628223e-05,0.003924697099481467,0.19888639935851096,0.0,0.0,0.0,0.019081662874668837,0.0,0.0,0.0,29.141924381256104,98.0,295.97116,0.0,98000,0.0,38.19452169585726
-5.965683871746063,-28.378149837493897,-6.0,0.00013519701023687958,0.003902681540911077,0.2002675865739584,0.0,0.0,0.0,0.020088301956653596,0.0,0.0,0.0,20.238412857055664,99.0,298.34714,0.0,99000,0.0,39.82937988753086
-6.0055369629859925,-28.314445274353027,-6.0,-2.087116348411655e-05,0.003849480682780042,0.2004865979552269,0.0,0.0,0.0,0.02161490457318723,0.0,0.0,0.0,21.940326929092407,100.0,295.4656,0.0,100000,0.0,36.29389197704288
-5.987354226112366,-28.251438301086427,-6.0,4.945072743430501e-05,0.003877435795456499,0.20134791904687882,0.0,0.0,0.0,0.02011137569695711,0.0,0.0,0.0,36.71336078643799,101.0,291.09128,0.0,101000,0.0,48.49892529749546
-5.998284680843353,-28.220923915863036,-6.0,7.215384772280231e-06,0.0038266157104196986,0.20294206707179546,0.0,0.0,0.0,0.021035828018561006,0.0,0.0,0.0,33.89236569404602,102.0,301.32965,0.0,102000,0.0,116.03798317536135
-6.01203380203247,-28.183155712127686,-6.0,-4.5667451413464736e-05,0.003854745962452674,0.2034954820871353,0.0,0.0,0.0,0.01877625174075365,0.0,0.0,0.0,26.706024169921875,103.0,303.65833,0.0,103000,0.0,115.18561880068106
-5.994966362953186,-28.14416650390625,-6.0,1.994786533759907e-05,0.003839258498441597,0.20504564417898655,0.0,0.0,0.0,0.01942907871771604,0.0,0.0,0.0,28.173370838165283,104.0,292.50677,0.0,104000,0.0,40.00990512124945
-6.007860402107239,-28.097220823287962,-6.0,-2.9875777912820922e-05,0.003890068189365766,0.204748075529933,0.0,0.0,0.0,0.019769775736145676,0.0,0.0,0.0,27.396010160446167,105.0,305.57883,0.0,105000,0.0,115.85452215033011
-5.991427607059479,-28.06556198501587,-6.0,3.3975777711020786e-05,0.003865647527468418,0.20619022364914416,0.0,0.0,0.0,0.01948432857170701,0.0,0.0,0.0,26.836154222488403,106.0,291.16757,0.0,106000,0.0,43.02370059500698
-5.99151087474823,-28.04158921432495,-6.0,3.323271230328828e-05,0.0038562544413537725,0.20684272319078445,0.0,0.0,0.0,0.020115901523269714,0.0,0.0,0.0,27.89813232421875,107.0,302.4962,0.0,107000,0.0,115.49578988150648
-5.996173541545868,-28.03040439605713,-6.0,1.5204987743345554e-05,0.0038157747287562802,0.2092681239247322,0.0,0.0,0.0,0.01874359872657806,0.0,0.0,0.0,37.37446427345276,108.0,301.42236,0.0,108000,0.0,118.07437099185299
-5.998944344043732,-27.999502557754518,-6.0,4.76225772217731e-06,0.003809107268956045,0.20940953588485717,0.0,0.0,0.0,0.019639438442885876,0.0,0.0,0.0,35.62304997444153,109.0,303.59106,0.0,109000,0.0,125.8356725912402
-5.979098084449768,-27.983232856750487,-6.0,7.974676154844928e-05,0.0038176307307874816,0.20912474520504476,0.0,0.0,0.0,0.01905108193028718,0.0,0.0,0.0,48.10227942466736,110.0,303.1298,0.0,110000,0.0,122.47716908153339
-6.007613723754883,-27.95678628349304,-6.0,-2.8154633691883647e-05,0.0037742822471877363,0.21123096376657485,0.0,0.0,0.0,0.019175052742473782,0.0,0.0,0.0,60.36717891693115,111.0,303.27173,0.0,111000,0.0,121.2641891008476
-6.003522650241852,-27.928079357147215,-6.0,-1.2618007433047752e-05,0.003768299694061329,0.21196738678216934,0.0,0.0,0.0,0.01878654871415347,0.0,0.0,0.0,36.218151569366455,112.0,300.3909,0.0,112000,0.0,46.100545589950514
-6.001333118915558,-27.877326587677,-6.0,-4.5138800760469166e-06,0.0037598906795813874,0.21240449571609496,0.0,0.0,0.0,0.018888620746321975,0.0,0.0,0.0,43.69663119316101,113.0,298.6273,0.0,113000,0.0,41.36559519790921
-5.993682315826416,-27.85642229270935,-6.0,2.436400025180774e-05,0.0037827546093342677,0.21258435013890267,0.0,0.0,0.0,0.018360030340962112,0.0,0.0,0.0,24.025456428527832,114.0,302.4879,0.0,114000,0.0,40.48223752923599
-6.0044189953804015,-27.84037943649292,-6.0,-1.6051919792516856e-05,0.0038317944765102713,0.21387218467891217,0.0,0.0,0.0,0.01883595987595618,0.0,0.0,0.0,40.99301552772522,115.0,303.058,0.0,115000,0.0,116.29137845920889
-6.001530715465545,-27.82502096939087,-6.0,-5.2286240315879694e-06,0.0037911269598803073,0.21410681675374507,0.0,0.0,0.0,0.018939593507908286,0.0,0.0,0.0,36.505450963974,116.0,302.1675,0.0,116000,0.0,110.38471016762871
-5.984551630973816,-27.801651498794556,-6.0,5.888731589584495e-05,0.0037950020104200043,0.2152064892202616,0.0,0.0,0.0,0.01839354397635907,0.0,0.0,0.0,37.6876904964447,117.0,300.81378,0.0,117000,0.0,117.1104998814821
-5.996098987579345,-27.783230907440185,-6.0,1.5048367858980782e-05,0.0037379881293631506,0.21537158966064454,0.0,0.0,0.0,0.018358656491152942,0.0,0.0,0.0,41.9069766998291,118.0,297.39792,0.0,118000,0.0,49.406218217518756
-5.992264863967896,-27.76951202392578,-6.0,2.964110743778292e-05,0.0037207199898896585,0.21635986676812172,0.0,0.0,0.0,0.019157161943614484,0.0,0.0,0.0,39.91887044906616,119.0,308.35953,0.0,119000,0.0,121.33362687871465
-6.019604547023773,-27.742855796813966,-6.0,-7.286075425508897e-05,0.0037106101881905626,0.21780829429626464,0.0,0.0,0.0,0.018027953462675213,0.0,0.0,0.0,38.09118366241455,120.0,300.52728,0.0,120000,0.0,38.997707880200764
-5.981904399871826,-27.71104969406128,-6.0,6.832984837819822e-05,0.0037501027583089885,0.2175774539709091,0.0,0.0,0.0,0.019831917703151705,0.0,0.0,0.0,64.30865931510925,121.0,299.17538,0.0,121000,0.0,38.67635774773063
-5.998371253013611,-27.686519073486327,-6.0,6.645683868555352e-06,0.0037469880779267043,0.21912365157902242,0.0,0.0,0.0,0.018913157487288116,0.0,0.0,0.0,24.796008110046387,122.0,303.2511,0.0,122000,0.0,43.18607480276487
-5.988417970180511,-27.672608263015746,-6.0,4.3390559039835355e-05,0.0037054626980807218,0.21990546295046806,0.0,0.0,0.0,0.018799883924424648,0.0,0.0,0.0,118.1494505405426,123.0,300.56836,0.0,123000,0.0,40.33812993672193
-6.008051237106323,-27.64934701347351,-6.0,-2.9082795226713642e-05,0.0037026745028504336,0.22048668758571147,0.0,0.0,0.0,0.020228492517955603,0.0,0.0,0.0,48.11174130439758,124.0,294.54428,0.0,124000,0.0,60.01564228216402
-5.992973865985871,-27.635088897705078,-6.0,2.6543154282990144e-05,0.003678364054596289,0.22010487887263297,0.0,0.0,0.0,0.019574637670069932,0.0,0.0,0.0,36.656078577041626,125.0,298.12775,0.0,125000,0.0,47.76114034002134
-6.020628534317017,-27.637497575759888,-6.0,-7.60525201621931e-05,0.0036731753228960765,0.22136436267197132,0.0,0.0,0.0,0.018505154671147467,0.0,0.0,0.0,32.41382598876953,126.0,288.8728,0.0,126000,0.0,138.50321217158208
-5.9930821847915645,-27.6160134601593,-6.0,2.6494780784560135e-05,0.00371247007093279,0.22185435479879378,0.0,0.0,0.0,0.019505588619969785,0.0,0.0,0.0,35.82252240180969,127.0,302.98862,0.0,127000,0.0,122.57887052135221
-5.982052179336548,-27.603849050521852,-6.0,6.685957018271438e-05,0.0036935647299002794,0.22289646184444428,0.0,0.0,0.0,0.018783853439148516,0.0,0.0,0.0,27.634403228759766,128.0,305.28494,0.0,128000,0.0,45.313780430515344
-6.006559745788574,-27.594903453826905,-6.0,-2.3539587589766597e-05,0.003651125879326869,0.22354604279994963,0.0,0.0,0.0,0.018789464111439884,0.0,0.0,0.0,30.42941117286682,129.0,306.25894,0.0,129000,0.0,40.38504794400042
-5.981047770023346,-27.583914569854738,-6.0,7.022855468312627e-05,0.0036491970466319915,0.2238105451464653,0.0,0.0,0.0,0.020181759756058456,0.0,0.0,0.0,50.828983306884766,130.0,308.4545,0.0,130000,0.0,116.39972377622776
-5.996957774162293,-27.576376300811766,-6.0,1.1711581799318083e-05,0.003637403295000305,0.22460277250409127,0.0,0.0,0.0,0.019386078559793532,0.0,0.0,0.0,47.63061499595642,131.0,300.8625,0.0,131000,0.0,88.95008259865389
-6.002865808486939,-27.569408735275267,-6.0,-9.957364585716277e-06,0.003633393944910248,0.22593794959783553,0.0,0.0,0.0,0.01827808575052768,0.0,0.0,0.0,47.646936893463135,132.0,306.3425,0.0,132000,0.0,46.16458978865169
-6.0062791075706485,-27.570079105377197,-6.0,-2.228891411141376e-05,0.0036391016706331207,0.225505605712533,0.0,0.0,0.0,0.018813121019862593,0.0,0.0,0.0,23.704888105392456,133.0,306.01477,0.0,133000,0.0,120.07814303070268
-5.99969202375412,-27.561614841461182,-6.0,1.7859223080449738e-06,0.0036324358576358805,0.22604786716401576,0.0,0.0,0.0,0.019611410858109593,0.0,0.0,0.0,29.280677556991577,134.0,303.89706,0.0,134000,0.0,111.92253123333303
-6.009599002838135,-27.555941707611083,-6.0,-3.445491529055289e-05,0.003615944317897305,0.22713995403051376,0.0,0.0,0.0,0.018294938227161765,0.0,0.0,0.0,26.69988465309143,135.0,308.7388,0.0,135000,0.0,43.2882917682099
-6.00940391588211,-27.559603286743165,-6.0,-3.4069461609760767e-05,0.0037086404729973895,0.22710805955529212,0.0,0.0,0.0,0.0190147856650874,0.0,0.0,0.0,30.073628187179565,136.0,306.95947,0.0,136000,0.0,120.32324538725621
-5.972047724246979,-27.556717653274536,-6.0,0.00010287784204047056,0.0036577709131537504,0.2281225883513689,0.0,0.0,0.0,0.018725821274332703,0.0,0.0,0.0,27.45398759841919,137.0,308.6329,0.0,137000,0.0,41.35734465890089
-5.994641750812531,-27.5539123210907,-6.0,1.9823756840196437e-05,0.003644189033034789,0.22871508081257344,0.0,0.0,0.0,0.018800024943426252,0.0,0.0,0.0,30.79149317741394,138.0,305.0236,0.0,138000,0.0,112.67175738190265
-6.028494177341461,-27.557604736328123,-6.0,-0.00010327861506448244,0.0036375945610261297,0.22913570615649223,0.0,0.0,0.0,0.018296147387474777,0.0,0.0,0.0,24.240049839019775,139.0,300.19028,0.0,139000,0.0,54.0677222676734
-6.002929555416107,-27.56279467201233,-6.0,-1.0177090181969107e-05,0.003677470525412816,0.23003009802103042,0.0,0.0,0.0,0.019453224388882518,0.0,0.0,0.0,24.615099906921387,140.0,313.37085,0.0,140000,0.0,117.09908031000835
-5.982255886077881,-27.563447338104247,-6.0,6.556848454056307e-05,0.0036774678780132574,0.23005482560396195,0.0,0.0,0.0,0.01776344573777169,0.0,0.0,0.0,46.66413688659668,141.0,309.01428,0.0,141000,0.0,114.6136094752239
-5.968567039489746,-27.561566318511964,-6.0,0.00011374726593203377,0.0036134458005281735,0.2301213189214468,0.0,0.0,0.0,0.017647031523287296,0.0,0.0,0.0,45.6460223197937,142.0,312.74805,0.0,142000,0.0,43.293096839533774
-6.0098448724746705,-27.55889712524414,-6.0,-3.460233837176929e-05,0.0035473367179438787,0.23126852478086948,0.0,0.0,0.0,0.01898742568679154,0.0,0.0,0.0,27.52457618713379,143.0,306.14597,0.0,143000,0.0,48.46330870225791
-6.041536222934723,-27.558958168029786,-6.0,-0.00015043764472648036,0.003643078828859883,0.23272611404955387,0.0,0.0,0.0,0.01952915273513645,0.0,0.0,0.0,25.614676475524902,144.0,310.54898,0.0,144000,0.0,122.03735219452476
-5.962471046447754,-27.560879512786865,-6.0,0.00013726596942069592,0.003647602178129855,0.23273065228760242,0.0,0.0,0.0,0.018328533640131355,0.0,0.0,0.0,25.30914855003357,145.0,308.12595,0.0,145000,0.0,45.74353236347056
-6.010480550289154,-27.565492931365966,-6.0,-3.721707197837531e-05,0.003634662260721513,0.23285725885629655,0.0,0.0,0.0,0.018674976530484857,0.0,0.0,0.0,24.029005527496338,146.0,310.6982,0.0,146000,0.0,124.31284356916642
-6.006517527103424,-27.57106171607971,-6.0,-2.3220455026603305e-05,0.003635088612234153,0.23468623518943788,0.0,0.0,0.0,0.01849608027562499,0.0,0.0,0.0,30.097732305526733,147.0,308.89835,0.0,147000,0.0,41.41127935374449
-5.977575650215149,-27.577119560241698,-6.0,8.152509884530446e-05,0.0035932290847707922,0.2345505862981081,0.0,0.0,0.0,0.018613102020695806,0.0,0.0,0.0,25.121699571609497,148.0,311.61832,0.0,148000,0.0,118.91709249840926
-6.009409911632538,-27.582644287109375,-6.0,-3.3107898638263574e-05,0.003589753960574492,0.23505505158007145,0.0,0.0,0.0,0.018169610690325497,0.0,0.0,0.0,21.265461444854736,149.0,311.80417,0.0,149000,0.0,41.76178398742163
-6.001611647605896,-27.59032035827637,-6.0,-5.299895354255568e-06,0.0035678027725082966,0.23545149974524976,0.0,0.0,0.0,0.016928215766325593,0.0,0.0,0.0,20.92209219932556,150.0,307.86032,0.0,150000,0.0,121.27769099647566
-6.008210146903992,-27.589168783187866,-6.0,-2.9227957835246343e-05,0.0036363904889084612,0.23582196411490441,0.0,0.0,0.0,0.01878626478463411,0.0,0.0,0.0,30.43946123123169,151.0,309.81705,0.0,151000,0.0,118.32960960877436
-5.99245013999939,-27.586145889282225,-6.0,2.786409138570889e-05,0.0036123156412683926,0.23627831354737283,0.0,0.0,0.0,0.017761171113699674,0.0,0.0,0.0,21.053313970565796,152.0,306.41055,0.0,152000,0.0,47.99757564189559
-6.020736119270325,-27.594568309783934,-6.0,-7.491063435736578e-05,0.003617931924308571,0.2356195039898157,0.0,0.0,0.0,0.018113316290080547,0.0,0.0,0.0,20.482240438461304,153.0,304.5267,0.0,153000,0.0,123.44701533932157
-5.982782063961029,-27.610004539489747,-6.0,6.309786948258989e-05,0.0036379581667744087,0.2367992243617773,0.0,0.0,0.0,0.01778153822850436,0.0,0.0,0.0,18.25360679626465,154.0,311.87112,0.0,154000,0.0,117.86496196978051
-5.987906086921692,-27.631695411682127,-6.0,4.4103010739490854e-05,0.003632213618571582,0.2373962749093771,0.0,0.0,0.0,0.017623687067069113,0.0,0.0,0.0,21.312432765960693,155.0,309.38974,0.0,155000,0.0,114.85214621089656
-6.028653285980225,-27.638672094345093,-6.0,-0.00010328746806408162,0.0036121441177888684,0.23798803651332856,0.0,0.0,0.0,0.018040241762064396,0.0,0.0,0.0,22.676984548568726,156.0,307.09058,0.0,156000,0.0,115.42397868480253
-5.967093482971191,-27.647510234832765,-6.0,0.00011956205471869907,0.0036012235370318597,0.23887815803289414,0.0,0.0,0.0,0.01802042661048472,0.0,0.0,0.0,18.780346393585205,157.0,303.65704,0.0,157000,0.0,112.19632376275347
-6.008465974330902,-27.652659618377687,-6.0,-2.9777079784253148e-05,0.003610891524605811,0.23908659218251704,0.0,0.0,0.0,0.017528579040430488,0.0,0.0,0.0,22.70369577407837,158.0,302.76276,0.0,158000,0.0,47.32826550447592
-6.026492240905761,-27.661554027557372,-6.0,-9.569069114877493e-05,0.003624084804740586,0.23958938904106616,0.0,0.0,0.0,0.016916657966561617,0.0,0.0,0.0,23.280373573303223,159.0,309.78668,0.0,159000,0.0,116.2983573163221
-5.994691358089447,-27.67030774497986,-6.0,1.9967314940004143e-05,0.0036427940580813015,0.23913377924263476,0.0,0.0,0.0,0.01866066043637693,0.0,0.0,0.0,21.14045810699463,160.0,306.79666,0.0,160000,0.0,47.59271815462278
-5.992452231884003,-27.68093115234375,-6.0,2.8161519798231893e-05,0.003601896237387969,0.24031992594897747,0.0,0.0,0.0,0.017573550082743167,0.0,0.0,0.0,29.42342495918274,161.0,310.33307,0.0,161000,0.0,118.9377325792704
-6.005347107410431,-27.68881736755371,-6.0,-1.8776999648252967e-05,0.00360542662381944,0.24000975453853607,0.0,0.0,0.0,0.017752041513100267,0.0,0.0,0.0,22.875478506088257,162.0,310.0054,0.0,162000,0.0,39.37289993154169
-5.99206484079361,-27.69322952079773,-6.0,2.948141241722624e-05,0.003622655994776495,0.24065291053056717,0.0,0.0,0.0,0.01745932674128562,0.0,0.0,0.0,22.0398108959198,163.0,310.674,0.0,163000,0.0,117.71413760193693
-5.99692094039917,-27.712776371002196,-6.0,1.1632743055088213e-05,0.0036029421295217896,0.24102847404778005,0.0,0.0,0.0,0.017790872274897992,0.0,0.0,0.0,20.13126564025879,164.0,306.4189,0.0,164000,0.0,131.5512855944162
-5.994501254081726,-27.719460458755492,-6.0,2.0310426672949688e-05,0.003570471982376206,0.24122898985445498,0.0,0.0,0.0,0.017950075761415066,0.0,0.0,0.0,21.362415075302124,165.0,309.596,0.0,165000,0.0,117.27059675743908
-5.997326396942139,-27.73569430732727,-6.0,1.009787366638193e-05,0.003595370563260887,0.2423741246163845,0.0,0.0,0.0,0.017239063195884228,0.0,0.0,0.0,23.704816818237305,166.0,310.45126,0.0,166000,0.0,119.29324098845949
-5.996139966964722,-27.740210145950318,-6.0,1.4425665802264121e-05,0.003571851106085879,0.24282142819464206,0.0,0.0,0.0,0.01709519843105227,0.0,0.0,0.0,21.77777671813965,167.0,311.17935,0.0,167000,0.0,117.9472481010903
-6.007648328781128,-27.753501853942872,-6.0,-2.6879651202762034e-05,0.003580642287799658,0.2430707218796015,0.0,0.0,0.0,0.01784795667231083,0.0,0.0,0.0,31.941214084625244,168.0,316.90186,0.0,168000,0.0,41.05531984133534
-5.983515468597412,-27.761955936431885,-6.0,5.957157793454826e-05,0.0036063106277147,0.24366663241386413,0.0,0.0,0.0,0.018209793868474662,0.0,0.0,0.0,23.584895610809326,169.0,308.4845,0.0,169000,0.0,52.69328551370774
-5.993894110202789,-27.7731338558197,-6.0,2.204759495361941e-05,0.003557942118881898,0.24393412487208843,0.0,0.0,0.0,0.017359941590577365,0.0,0.0,0.0,32.378600120544434,170.0,315.13464,0.0,170000,0.0,119.10597280403049
-6.011924848079682,-27.786284107208253,-6.0,-4.1824643829386334e-05,0.0035796036558637208,0.24481590840220452,0.0,0.0,0.0,0.017789862965233626,0.0,0.0,0.0,38.69055771827698,171.0,307.76834,0.0,171000,0.0,119.97176379649648
-6.0121408839225765,-27.798852169036866,-6.0,-4.300437502388377e-05,0.0035878452038668575,0.24454192952811718,0.0,0.0,0.0,0.016842364616692067,0.0,0.0,0.0,29.41223382949829,172.0,308.1511,0.0,172000,0.0,115.7984200621796
-5.984707172393799,-27.81153150367737,-6.0,5.5311602785877764e-05,0.0035733865775492437,0.2451068748831749,0.0,0.0,0.0,0.017342270062305033,0.0,0.0,0.0,36.90764856338501,173.0,312.77872,0.0,173000,0.0,116.90597773815993
-6.0084646964073185,-27.824629295349123,-6.0,-2.9695411489228717e-05,0.0035542325380448583,0.24554090985655785,0.0,0.0,0.0,0.017747106545604765,0.0,0.0,0.0,37.19890379905701,174.0,313.65247,0.0,174000,0.0,124.13250561660857
-5.977512383937836,-27.830655349731444,-6.0,8.055078930192394e-05,0.0035779709708596884,0.2458167886584997,0.0,0.0,0.0,0.01762670935411006,0.0,0.0,0.0,30.485631227493286,175.0,312.52646,0.0,175000,0.0,52.39772367803099
-6.014370004177094,-27.844772302627565,-6.0,-5.0322226226853674e-05,0.003576440398097895,0.2459044345021248,0.0,0.0,0.0,0.0174081625174731,0.0,0.0,0.0,28.73486590385437,176.0,311.10873,0.0,176000,0.0,47.504889681528525
-5.985678995132447,-27.852324113845825,-6.0,5.127085529238684e-05,0.003556949476334135,0.24663499589264393,0.0,0.0,0.0,0.01683840155880898,0.0,0.0,0.0,29.122535943984985,177.0,311.3831,0.0,177000,0.0,119.87097113486166
-5.991527989864349,-27.863593963623046,-6.0,3.0101369078693096e-05,0.003514026515076509,0.24722696821391582,0.0,0.0,0.0,0.017488284206949173,0.0,0.0,0.0,27.19398593902588,178.0,310.45764,0.0,178000,0.0,50.89860086372533
-6.000018164634705,-27.87279090309143,-6.0,3.049099141207989e-07,0.0035176059770392165,0.24721459457278253,0.0,0.0,0.0,0.017623380908742547,0.0,0.0,0.0,37.54404664039612,179.0,310.8894,0.0,179000,0.0,119.4888073362688
-6.034379825115204,-27.881630737304686,-6.0,-0.00012136152069069795,0.0035332980844615808,0.24643610978126526,0.0,0.0,0.0,0.017769340510480104,0.0,0.0,0.0,31.98042345046997,180.0,311.79047,0.0,180000,0.0,119.79529896017205
-5.9829212779998775,-27.902301387786864,-6.0,6.149203449604102e-05,0.0035513815316063533,0.24813211746513844,0.0,0.0,0.0,0.016957939986139536,0.0,0.0,0.0,38.842658042907715,181.0,307.74023,0.0,181000,0.0,126.06282353868885
-5.997783555984497,-27.91948644256592,-6.0,8.4282810712466e-06,0.00353171787224519,0.24881586003303527,0.0,0.0,0.0,0.017527448715642095,0.0,0.0,0.0,37.43722653388977,182.0,310.94653,0.0,182000,0.0,119.87998313058945
-6.006501956939697,-27.925997417449953,-6.0,-2.2637030742771457e-05,0.0035910260050151573,0.24801511761546136,0.0,0.0,0.0,0.016988998726010323,0.0,0.0,0.0,31.766287326812744,183.0,309.2637,0.0,183000,0.0,123.22295712167828
-5.995563943862915,-27.943280836105348,-6.0,1.6201643615204375e-05,0.003511940596511451,0.24912598046660422,0.0,0.0,0.0,0.01706196857150644,0.0,0.0,0.0,36.714805364608765,184.0,312.4884,0.0,184000,0.0,120.57626453122218
-6.016487670421601,-27.940312023162843,-6.0,-5.807650605129311e-05,0.0035734368910567207,0.24975522507727146,0.0,0.0,0.0,0.017834480742923917,0.0,0.0,0.0,23.837453603744507,185.0,306.5341,0.0,185000,0.0,51.47813940641961
-5.998164206504822,-27.953656049728394,-6.0,7.086183075443842e-06,0.00357480659168884,0.24951432639360427,0.0,0.0,0.0,0.017706532483920456,0.0,0.0,0.0,21.292510986328125,186.0,308.21982,0.0,186000,0.0,49.54685006587768
-5.9988208374977114,-27.97225446128845,-6.0,4.659298312617466e-06,0.0035888879311975317,0.24958295407891273,0.0,0.0,0.0,0.01716969331819564,0.0,0.0,0.0,21.2102632522583,187.0,308.457,0.0,187000,0.0,118.1462058444154
-5.996394733905793,-27.975373641967774,-6.0,1.3310929680301343e-05,0.003561664330443553,0.2504477538019419,0.0,0.0,0.0,0.017527031454257668,0.0,0.0,0.0,23.688093900680542,188.0,310.5333,0.0,188000,0.0,121.81134694858254
-6.0082458691596985,-27.977038791656494,-6.0,-2.8969327140657696e-05,0.003576408401357003,0.2502096840590239,0.0,0.0,0.0,0.017115637567825616,0.0,0.0,0.0,21.146960735321045,189.0,312.30582,0.0,189000,0.0,49.956545503640356
-5.977271552085877,-27.989542753219606,-6.0,8.148325904039666e-05,0.0035643355766684665,0.2510661164224148,0.0,0.0,0.0,0.017069506048224867,0.0,0.0,0.0,19.400489568710327,190.0,312.6799,0.0,190000,0.0,44.36473081029362
-6.007561359405518,-27.99298138999939,-6.0,-2.6157414711633463e-05,0.0035592232531322155,0.2504567949920893,0.0,0.0,0.0,0.01760688505601138,0.0,0.0,0.0,33.088951587677,191.0,311.9664,0.0,191000,0.0,41.64799351362766
-6.008043221473693,-28.003341880798338,-6.0,-2.811488030056353e-05,0.0035766877946423713,0.25208800788223745,0.0,0.0,0.0,0.01706472233030945,0.0,0.0,0.0,18.984631061553955,192.0,311.11554,0.0,192000,0.0,43.254474769737726
-5.996001483440399,-28.008169618606566,-6.0,1.4721847124747001e-05,0.0035543019885565536,0.2521814179122448,0.0,0.0,0.0,0.017328181637451052,0.0,0.0,0.0,20.797030687332153,193.0,318.19983,0.0,193000,0.0,44.75848651415501
-5.977849077701569,-28.024322240829466,-6.0,7.879443046840606e-05,0.0035293041478578614,0.2518088531643152,0.0,0.0,0.0,0.017312036562711,0.0,0.0,0.0,19.909732818603516,194.0,311.14206,0.0,194000,0.0,123.14155528610517
-6.009503557682037,-28.03033557510376,-6.0,-3.2888230023672806e-05,0.0035031000557960356,0.25308430835604667,0.0,0.0,0.0,0.0171526192817837,0.0,0.0,0.0,23.165443658828735,195.0,311.2089,0.0,195000,0.0,46.13948806565637
-6.008796859264374,-28.037619342803954,-6.0,-3.0718021764187145e-05,0.0035400798189283147,0.2524746329188347,0.0,0.0,0.0,0.017686768042854965,0.0,0.0,0.0,22.818655967712402,196.0,308.7879,0.0,196000,0.0,56.12764291719538
-5.999266455173492,-28.049238496780397,-6.0,3.0885006381140557e-06,0.0035528381651502524,0.25368503959476946,0.0,0.0,0.0,0.016695114508271217,0.0,0.0,0.0,22.538228273391724,197.0,315.46426,0.0,197000,0.0,116.94123170937483
-6.014781328201294,-28.05527770614624,-6.0,-5.224412036841386e-05,0.003557007967326159,0.253302039578557,0.0,0.0,0.0,0.017337392376735806,0.0,0.0,0.0,24.35759210586548,198.0,311.83624,0.0,198000,0.0,54.53110348933402
-5.979244769096375,-28.06483550262451,-6.0,7.439393943059258e-05,0.003547854185028984,0.2536833180040121,0.0,0.0,0.0,0.0169462245227769,0.0,0.0,0.0,28.997865200042725,199.0,308.47528,0.0,199000,0.0,119.45822499966597
-5.97391289138794,-28.072818754196167,-6.0,9.18154814025911e-05,0.0035132997080602104,0.2544981920421123,0.0,0.0,0.0,0.01756349450349808,0.0,0.0,0.0,20.384065866470337,200.0,314.80533,0.0,200000,0.0,54.69396038341055
-6.014983567714691,-28.071892908096313,-6.0,-5.180560219378094e-05,0.003500506646010332,0.2541956040263176,0.0,0.0,0.0,0.017640555375255645,0.0,0.0,0.0,31.562584161758423,201.0,315.01465,0.0,201000,0.0,49.62571566926265
-6.004705994606018,-28.083396741867066,-6.0,-1.5942619320412632e-05,0.0035005558350644115,0.2553885474205017,0.0,0.0,0.0,0.017032785272225737,0.0,0.0,0.0,23.487311124801636,202.0,314.63187,0.0,202000,0.0,81.89070708648
-6.015884666442871,-28.097291887283326,-6.0,-5.572844587368309e-05,0.0035199779097965585,0.25464368662238124,0.0,0.0,0.0,0.017558936287648975,0.0,0.0,0.0,22.154980421066284,203.0,311.59573,0.0,203000,0.0,121.4497604339542
-5.990594715118408,-28.106665964126588,-6.0,3.3701464766636494e-05,0.0035406915040121045,0.2554727556556463,0.0,0.0,0.0,0.017405602557584644,0.0,0.0,0.0,20.660902976989746,204.0,313.24725,0.0,204000,0.0,41.43485980068207
-5.9937981576919555,-28.113034036636353,-6.0,2.2467870832770132e-05,0.0035496759094116163,0.2556064738929272,0.0,0.0,0.0,0.0168015926303342,0.0,0.0,0.0,23.47611713409424,205.0,314.95236,0.0,205000,0.0,49.22034025751369
-6.008728398799896,-28.126846687316895,-6.0,-3.025496656118776e-05,0.0035251189817599947,0.2555505629479885,0.0,0.0,0.0,0.01735438785329461,0.0,0.0,0.0,22.069456338882446,206.0,313.65503,0.0,206000,0.0,118.28558140799736
-6.014182819843292,-28.132292526245116,-6.0,-4.989902184024686e-05,0.003584986090850064,0.2564487338960171,0.0,0.0,0.0,0.016862565587274732,0.0,0.0,0.0,22.12235999107361,207.0,311.27216,0.0,207000,0.0,114.53134512960277
-6.014656682491302,-28.14701784324646,-6.0,-5.230426113848807e-05,0.003587793540790206,0.25692814362049105,0.0,0.0,0.0,0.017478661892935635,0.0,0.0,0.0,20.893128395080566,208.0,308.3923,0.0,208000,0.0,114.7966702574554
-5.995119120597839,-28.154364570617677,-6.0,1.8215549149317668e-05,0.003591002481283996,0.25601455983519555,0.0,0.0,0.0,0.017756406726315618,0.0,0.0,0.0,22.580655813217163,209.0,310.28986,0.0,209000,0.0,119.65484825175902
-5.977091227054596,-28.16708924293518,-6.0,8.243776626477484e-05,0.0035677702891691782,0.2573779660612345,0.0,0.0,0.0,0.016535306982696056,0.0,0.0,0.0,21.659462690353394,210.0,315.77695,0.0,210000,0.0,47.56309561642976
-6.002246481418609,-28.174479276657106,-6.0,-7.49483938125195e-06,0.003557631637975309,0.25642066894471643,0.0,0.0,0.0,0.017923591264523565,0.0,0.0,0.0,47.00309777259827,211.0,307.1551,0.0,211000,0.0,125.01010514305128
-6.009743022918701,-28.183221225738524,-6.0,-3.4231564699439334e-05,0.0035698078674357074,0.2576649720072746,0.0,0.0,0.0,0.017646030988544226,0.0,0.0,0.0,22.510714769363403,212.0,313.76724,0.0,212000,0.0,118.92124400084691
-6.019150615692139,-28.191722074508668,-6.0,-6.844651250867173e-05,0.003595953631943269,0.25744548051059246,0.0,0.0,0.0,0.017203411044552922,0.0,0.0,0.0,24.684407949447632,213.0,315.4697,0.0,213000,0.0,39.54551762482805
-6.010981207847595,-28.197744512557982,-6.0,-3.958741299720714e-05,0.0036283647479832108,0.25728573286533357,0.0,0.0,0.0,0.018116044411435724,0.0,0.0,0.0,30.870680332183838,214.0,312.03238,0.0,214000,0.0,120.79173450031078
-5.965868853092194,-28.21363165283203,-6.0,0.0001237552959137247,0.003595276586339045,0.2587344194948673,0.0,0.0,0.0,0.01693696381803602,0.0,0.0,0.0,31.571940422058105,215.0,312.66058,0.0,215000,0.0,47.56502478973115
-6.004384131908417,-28.217473022460936,-6.0,-1.5144817818509181e-05,0.0035944667915448177,0.2579920356720686,0.0,0.0,0.0,0.016598157751373948,0.0,0.0,0.0,32.679707765579224,216.0,304.6941,0.0,216000,0.0,60.45546224731081
-5.999121563911438,-28.23064528083801,-6.0,3.812304210441653e-06,0.0035689775466672584,0.25938366720080375,0.0,0.0,0.0,0.018475002689287066,0.0,0.0,0.0,39.40990900993347,217.0,314.03046,0.0,217000,0.0,115.78875915248065
-5.996118691921234,-28.23709062385559,-6.0,1.4259187610150548e-05,0.003550587171634449,0.25885445092618464,0.0,0.0,0.0,0.01726782197877765,0.0,0.0,0.0,29.04856824874878,218.0,311.52353,0.0,218000,0.0,111.6468036556194
-6.01287168598175,-28.250552766799927,-6.0,-4.573455977879348e-05,0.0035763498756083306,0.26002558206021786,0.0,0.0,0.0,0.017863993504084647,0.0,0.0,0.0,38.73390460014343,219.0,313.70056,0.0,219000,0.0,118.62468245907758
-5.993624575138092,-28.256274112701416,-6.0,2.3331830168899614e-05,0.0036020472600007793,0.2585173810124397,0.0,0.0,0.0,0.016766216692514716,0.0,0.0,0.0,33.55573487281799,220.0,314.81467,0.0,220000,0.0,116.13036528040614
-5.999794512748719,-28.26034038734436,-6.0,1.2742639883072115e-06,0.003576736828418215,0.26003967759013175,0.0,0.0,0.0,0.01779397970624268,0.0,0.0,0.0,38.29078984260559,221.0,314.5308,0.0,221000,0.0,50.461797265362605
-5.996892411231995,-28.2657783908844,-6.0,1.148370045120828e-05,0.003557410117754449,0.25992501755058767,0.0,0.0,0.0,0.017126628022640943,0.0,0.0,0.0,33.89820098876953,222.0,313.0231,0.0,222000,0.0,58.94685754161627
-6.00194358587265,-28.276759529113768,-6.0,-6.537667686643544e-06,0.0035845779224550674,0.2598882647454739,0.0,0.0,0.0,0.017016580056399108,0.0,0.0,0.0,29.356317043304443,223.0,313.1309,0.0,223000,0.0,43.74991335803765
-5.99056428194046,-28.28933988761902,-6.0,3.4191674607427556e-05,0.0035672641993811606,0.26003788205981254,0.0,0.0,0.0,0.01699189230520278,0.0,0.0,0.0,29.98195481300354,224.0,313.78156,0.0,224000,0.0,118.72975986273404
-6.005168682098389,-28.298945636749266,-6.0,-1.774091907282127e-05,0.003543892064557608,0.26081946218013763,0.0,0.0,0.0,0.017427683533169328,0.0,0.0,0.0,28.819350719451904,225.0,313.09763,0.0,225000,0.0,118.48185391266313
-5.987492749691009,-28.30363211631775,-6.0,4.4819761576945895e-05,0.0035605108506911354,0.26065381683409217,0.0,0.0,0.0,0.017077119338326157,0.0,0.0,0.0,24.469581127166748,226.0,316.81802,0.0,226000,0.0,47.4538517255301
-6.006183611869812,-28.306892904281618,-6.0,-2.1295113740052328e-05,0.0035047420364021395,0.26162710328400135,0.0,0.0,0.0,0.017736399739980698,0.0,0.0,0.0,31.415867805480957,227.0,314.38254,0.0,227000,0.0,40.779056590392706
-6.0028976931571965,-28.315571739196777,-6.0,-9.825637818721588e-06,0.003564446225983661,0.261449980288744,0.0,0.0,0.0,0.017357355665415526,0.0,0.0,0.0,41.682533264160156,228.0,313.1876,0.0,228000,0.0,43.06880425175172
-5.9852947697639465,-28.326242948532105,-6.0,5.2305943980172745e-05,0.0034956110299803685,0.26185221365094186,0.0,0.0,0.0,0.01674818459805101,0.0,0.0,0.0,26.61754560470581,229.0,315.9406,0.0,229000,0.0,44.91463162964274
-6.0102988982200625,-28.328627239227295,-6.0,-3.5728210135857805e-05,0.0035094288558166716,0.261447123080492,0.0,0.0,0.0,0.016713520553894343,0.0,0.0,0.0,32.197985887527466,230.0,319.21402,0.0,230000,0.0,45.91309124014413
-5.991069570064544,-28.34071460914612,-6.0,3.1925278028211324e-05,0.0035253485632742373,0.2621000938117504,0.0,0.0,0.0,0.017900585977360606,0.0,0.0,0.0,54.757601499557495,231.0,311.04916,0.0,231000,0.0,56.86017727009853
-6.008709794044495,-28.345706813812257,-6.0,-3.0070544402406085e-05,0.0035247904984368685,0.26208019417524336,0.0,0.0,0.0,0.016943705201148986,0.0,0.0,0.0,58.20296669006348,232.0,316.16495,0.0,232000,0.0,47.17606371045957
-5.9883885011672975,-28.357516206741334,-6.0,4.149244637665106e-05,0.0035073204047068414,0.2619920936226845,0.0,0.0,0.0,0.017243422116152943,0.0,0.0,0.0,59.36541557312012,233.0,311.49457,0.0,233000,0.0,118.20847846450482
-5.998259670734406,-28.36395886993408,-6.0,6.5587129938649015e-06,0.0034741947170457577,0.2627362173497677,0.0,0.0,0.0,0.017523232919164,0.0,0.0,0.0,68.88245701789856,234.0,315.9918,0.0,234000,0.0,118.32887203953511
-6.015526685714722,-28.37613097190857,-6.0,-5.390700252610259e-05,0.0035375814910493355,0.26325739343464377,0.0,0.0,0.0,0.017661948137916626,0.0,0.0,0.0,85.03379893302917,235.0,306.4792,0.0,235000,0.0,138.82008843407448
-5.997248914241791,-28.382360958099365,-6.0,1.0183421916735824e-05,0.003525925095549431,0.262677012488246,0.0,0.0,0.0,0.017585704683326184,0.0,0.0,0.0,53.67666029930115,236.0,311.5708,0.0,236000,0.0,115.29289274939345
-5.997064296245575,-28.394124588012694,-6.0,1.0826392397575546e-05,0.00351367393137791,0.26316118220984935,0.0,0.0,0.0,0.017658718342892826,0.0,0.0,0.0,37.35152268409729,237.0,319.71152,0.0,237000,0.0,50.61997594941468
-5.993291459560394,-28.399364870071413,-6.0,2.4319608106452507e-05,0.0035272424928555466,0.2632855172902346,0.0,0.0,0.0,0.017750880640931426,0.0,0.0,0.0,36.79965686798096,238.0,312.55762,0.0,238000,0.0,45.71001831809186
-5.991792298793793,-28.408123359680175,-6.0,2.9147628680220805e-05,0.0034940969488709965,0.26377055440843106,0.0,0.0,0.0,0.0172625985480845,0.0,0.0,0.0,43.46093797683716,239.0,314.92642,0.0,239000,0.0,48.360000683126046
-6.010759341239929,-28.41707874298096,-6.0,-3.719766069116304e-05,0.003514410701893103,0.26406980416178705,0.0,0.0,0.0,0.01844785715918988,0.0,0.0,0.0,34.29473257064819,240.0,316.83084,0.0,240000,0.0,115.76162991058912
-5.990886613368988,-28.425590284347535,-6.0,3.2324253865226635e-05,0.0035053753966743802,0.26399423511326314,0.0,0.0,0.0,0.01724699750635773,0.0,0.0,0.0,57.70210313796997,241.0,318.80017,0.0,241000,0.0,46.89961537259
-5.9934649591445925,-28.433928827285765,-6.0,2.3187581111415057e-05,0.0034840673916278903,0.2637444774508476,0.0,0.0,0.0,0.018105139474384486,0.0,0.0,0.0,33.255247592926025,242.0,315.5228,0.0,242000,0.0,43.92841603108214
-6.013119521617889,-28.44655662727356,-6.0,-4.515091907524038e-05,0.0034732106240726677,0.264436621427536,0.0,0.0,0.0,0.017123749264515938,0.0,0.0,0.0,31.91461491584778,243.0,310.07614,0.0,243000,0.0,111.94265371006612
-5.994933543682098,-28.459607862472534,-6.0,1.830232069187332e-05,0.003513708750545329,0.26481587521731853,0.0,0.0,0.0,0.01765531037468463,0.0,0.0,0.0,37.74507427215576,244.0,317.2323,0.0,244000,0.0,116.59216577318524
-6.02101810836792,-28.461639263153078,-6.0,-7.334626029842184e-05,0.0035201552455041475,0.2640743960291147,0.0,0.0,0.0,0.017894708695821465,0.0,0.0,0.0,38.89612936973572,245.0,314.27454,0.0,245000,0.0,117.36932672527203
-5.9716766476631165,-28.4787999420166,-6.0,9.974090570540284e-05,0.0034854335174379957,0.26542857779562473,0.0,0.0,0.0,0.017267391516827046,0.0,0.0,0.0,32.155582666397095,246.0,314.47653,0.0,246000,0.0,113.65334353646251
-6.0220722436904905,-28.485171760559084,-6.0,-7.678753108848468e-05,0.0034951799236680723,0.2654808857142925,0.0,0.0,0.0,0.01703162753675133,0.0,0.0,0.0,30.629915952682495,247.0,311.93042,0.0,247000,0.0,111.98071006762397
-5.992888601779938,-28.495992172241213,-6.0,2.5567461332684616e-05,0.003486221765680319,0.2653427200615406,0.0,0.0,0.0,0.017653266176581382,0.0,0.0,0.0,28.71220350265503,248.0,315.00632,0.0,248000,0.0,114.48257650861105
-6.025361805438996,-28.509195032119752,-6.0,-8.92444556884584e-05,0.0035308680618368823,0.26616240179538725,0.0,0.0,0.0,0.016724189136177302,0.0,0.0,0.0,23.936884880065918,249.0,315.58667,0.0,249000,0.0,113.77538733286853
-5.9933417654037475,-28.514939025878906,-6.0,2.4181596068956425e-05,0.0035595253462262205,0.2662469960898161,0.0,0.0,0.0,0.017101738044992088,0.0,0.0,0.0,22.04835820198059,250.0,317.637,0.0,250000,0.0,117.51210541915493
-5.979677207946778,-28.522909894943236,-6.0,7.222805418859934e-05,0.0035200536774181563,0.2664001293033361,0.0,0.0,0.0,0.0170441971803084,0.0,0.0,0.0,47.074103116989136,251.0,315.60132,0.0,251000,0.0,115.96325427616759
-6.009993262767792,-28.53298490333557,-6.0,-3.471140597321209e-05,0.0035136808861512252,0.2662813391983509,0.0,0.0,0.0,0.017172601690515876,0.0,0.0,0.0,20.83386993408203,252.0,312.68173,0.0,252000,0.0,121.91838744205727
-5.996550529479981,-28.539733627319336,-6.0,1.2590233425726183e-05,0.003512547464971301,0.2669138606339693,0.0,0.0,0.0,0.0171825258936733,0.0,0.0,0.0,22.600544929504395,253.0,314.46646,0.0,253000,0.0,116.54139999992204
-6.000968298435211,-28.550369089126587,-6.0,-2.797577719320543e-06,0.0035342183563935536,0.2669372561424971,0.0,0.0,0.0,0.016010365415364505,0.0,0.0,0.0,22.931769132614136,254.0,315.6277,0.0,254000,0.0,49.07606430106032
-5.997190383434296,-28.557767837524413,-6.0,1.0650909011019393e-05,0.003519347319666086,0.267855380654335,0.0,0.0,0.0,0.01754608667641878,0.0,0.0,0.0,23.704871892929077,255.0,314.93143,0.0,255000,0.0,117.04321821785253
-6.022461767196655,-28.566798788070678,-6.0,-7.918778512794233e-05,0.0035302665408497042,0.2665151051878929,0.0,0.0,0.0,0.01689517741743475,0.0,0.0,0.0,25.622690439224243,256.0,315.10562,0.0,256000,0.0,113.7482149399991
-5.985902905464172,-28.572587846755983,-6.0,5.070686396356905e-05,0.003571608028201955,0.2675121938288212,0.0,0.0,0.0,0.017710289548151195,0.0,0.0,0.0,21.866374015808105,257.0,315.8621,0.0,257000,0.0,45.245941495872536
-6.015216965675354,-28.576103851318358,-6.0,-5.3667122447222934e-05,0.003569075637189211,0.2669769857227802,0.0,0.0,0.0,0.01681718362867832,0.0,0.0,0.0,23.884737491607666,258.0,317.2686,0.0,258000,0.0,45.19530910013715
-5.975957617282868,-28.58635194206238,-6.0,8.576784170145401e-05,0.0035638546805392976,0.2684118727296591,0.0,0.0,0.0,0.0172067427393049,0.0,0.0,0.0,24.485166311264038,259.0,318.73926,0.0,259000,0.0,53.352998186552824
-6.011972972869873,-28.593799074172974,-6.0,-4.184171534870984e-05,0.003521756212183865,0.2681180972903967,0.0,0.0,0.0,0.016681029305793346,0.0,0.0,0.0,22.346204042434692,260.0,314.4282,0.0,260000,0.0,42.62832406047302
-6.021160591602325,-28.59654976272583,-6.0,-7.516020992625272e-05,0.00359815122444318,0.267808819681406,0.0,0.0,0.0,0.01693686468526721,0.0,0.0,0.0,34.45455718040466,261.0,305.83963,0.0,261000,0.0,115.09754090235957
-5.999483253955841,-28.606965311050416,-6.0,2.415047896647593e-06,0.0035794311240076853,0.2684055884629488,0.0,0.0,0.0,0.017088040155358614,0.0,0.0,0.0,34.80878949165344,262.0,317.07367,0.0,262000,0.0,50.729543424648085
-5.979050674915314,-28.609837755203248,-6.0,7.530090752698016e-05,0.0035704837464253713,0.26762133933603766,0.0,0.0,0.0,0.017317809222266077,0.0,0.0,0.0,28.25545597076416,263.0,314.9629,0.0,263000,0.0,114.38433735569451
-5.996652509689331,-28.616538404464723,-6.0,1.2387385111651384e-05,0.0035412299516289314,0.26795952194929124,0.0,0.0,0.0,0.017040095107629896,0.0,0.0,0.0,22.928466320037842,264.0,315.6698,0.0,264000,0.0,115.94824821726641
-5.9848941445350645,-28.619429288864136,-6.0,5.367308794666314e-05,0.003519590238582958,0.2681296625882387,0.0,0.0,0.0,0.016725141330622136,0.0,0.0,0.0,21.0944402217865,265.0,315.89792,0.0,265000,0.0,45.5889774472145
-5.989910468578339,-28.63547350502014,-6.0,3.551377764233621e-05,0.003497942787705438,0.2694688118547201,0.0,0.0,0.0,0.01689096536114812,0.0,0.0,0.0,22.326403379440308,266.0,318.81094,0.0,266000,0.0,114.08778027405319
-6.02616446018219,-28.637413541793823,-6.0,-9.118363248853711e-05,0.003510222852779183,0.26969556766748426,0.0,0.0,0.0,0.016563757858239114,0.0,0.0,0.0,22.699151277542114,267.0,315.1632,0.0,267000,0.0,114.5476218167781
-6.003065868377686,-28.645377462387085,-6.0,-1.0190155921009137e-05,0.0035292319701906547,0.26923087652027605,0.0,0.0,0.0,0.017136531306430697,0.0,0.0,0.0,23.066055297851562,268.0,317.27567,0.0,268000,0.0,44.418645709778204
-5.983640883922577,-28.65211671638489,-6.0,5.8092627794394506e-05,0.0035217821509763523,0.2695931137651205,0.0,0.0,0.0,0.016661964691244067,0.0,0.0,0.0,22.38330626487732,269.0,312.90823,0.0,269000,0.0,114.93164643128745
-6.016612244606018,-28.65553874206543,-6.0,-5.78144318642444e-05,0.0035382251136040696,0.2689011549949646,0.0,0.0,0.0,0.01653388460446149,0.0,0.0,0.0,23.0514132976532,270.0,310.68274,0.0,270000,0.0,51.23318571096913
-6.005698768138886,-28.66297706413269,-6.0,-1.968764355115127e-05,0.0035455441998992897,0.26937390519678595,0.0,0.0,0.0,0.017227766720578075,0.0,0.0,0.0,55.2605414390564,271.0,315.51526,0.0,271000,0.0,117.21541610629083
-5.999921304702759,-28.674189935684204,-6.0,7.9880438715918e-07,0.0035516688326209032,0.27034126056730745,0.0,0.0,0.0,0.01652683504112065,0.0,0.0,0.0,28.20640754699707,272.0,317.76617,0.0,272000,0.0,117.34420169281115
-5.992120069503784,-28.67453370475769,-6.0,2.852302756582503e-05,0.003540309849783433,0.2698176284879446,0.0,0.0,0.0,0.01677202343288809,0.0,0.0,0.0,29.365910291671753,273.0,319.33667,0.0,273000,0.0,42.43413890498093
-5.977935147285462,-28.681791297912596,-6.0,7.796164308092557e-05,0.003506725128716808,0.2699693243652582,0.0,0.0,0.0,0.016137084788642824,0.0,0.0,0.0,22.79549503326416,274.0,314.78403,0.0,274000,0.0,44.035536785771654
-6.008651988506317,-28.6859524974823,-6.0,-2.9785372003971132e-05,0.003509576133855351,0.27019635966420175,0.0,0.0,0.0,0.01628891723137349,0.0,0.0,0.0,21.679964065551758,275.0,318.1528,0.0,275000,0.0,44.25295727784654
-6.012474819660187,-28.688962566375732,-6.0,-4.3197174709348476e-05,0.0035190219449155015,0.2707149270921946,0.0,0.0,0.0,0.017546029809862376,0.0,0.0,0.0,23.003689765930176,276.0,317.636,0.0,276000,0.0,115.97860402713613
-6.004907341480255,-28.691234771728517,-6.0,-1.7011393036227672e-05,0.0035581810140398597,0.2703928074836731,0.0,0.0,0.0,0.016678223636932672,0.0,0.0,0.0,22.49785017967224,277.0,315.1569,0.0,277000,0.0,47.09597122204402
-5.988453439712524,-28.6992829914093,-6.0,4.133998697943753e-05,0.0035445938990362014,0.2707613118886948,0.0,0.0,0.0,0.01682806586008519,0.0,0.0,0.0,27.442189693450928,278.0,319.8245,0.0,278000,0.0,44.58300175867591
-6.003708448410034,-28.70894576072693,-6.0,-1.2648016810999251e-05,0.003536448313744556,0.2705056521743536,0.0,0.0,0.0,0.01655998777411878,0.0,0.0,0.0,20.87311816215515,279.0,316.1317,0.0,279000,0.0,54.79424479109317
-6.00878532075882,-28.713137643814086,-6.0,-3.070153082080651e-05,0.0035446910377621467,0.2706805017143488,0.0,0.0,0.0,0.01666197833046317,0.0,0.0,0.0,22.749144554138184,280.0,316.20212,0.0,280000,0.0,112.58874767386848
-5.998460248470306,-28.71864574432373,-6.0,6.176744838739978e-06,0.0035098555857221584,0.2709588192552328,0.0,0.0,0.0,0.016676265933550895,0.0,0.0,0.0,31.623080015182495,281.0,315.15247,0.0,281000,0.0,40.801185160285506
-5.99497514295578,-28.728049205780028,-6.0,1.8350704474869416e-05,0.003532006301263028,0.27174015755951403,0.0,0.0,0.0,0.016882050721906124,0.0,0.0,0.0,21.038442134857178,282.0,313.68536,0.0,282000,0.0,112.39753993039538
-5.974698907375336,-28.731266300201415,-6.0,8.887813010369427e-05,0.003490038335569658,0.271698766425252,0.0,0.0,0.0,0.016272205592133104,0.0,0.0,0.0,23.405198574066162,283.0,318.73068,0.0,283000,0.0,39.69768071149854
-6.005921728610993,-28.739547225952148,-6.0,-1.9899664548574946e-05,0.0035090090101922906,0.2719091715067625,0.0,0.0,0.0,0.016624547956511377,0.0,0.0,0.0,23.89797329902649,284.0,318.54297,0.0,284000,0.0,48.094453873799175
-6.015392257690429,-28.744326223373413,-6.0,-5.3303983993828294e-05,0.0034953645676717754,0.27145031712949275,0.0,0.0,0.0,0.016116453665308655,0.0,0.0,0.0,23.589675664901733,285.0,319.57028,0.0,285000,0.0,41.475669170228386
-5.996572111606598,-28.752211723327637,-6.0,1.2587284101755359e-05,0.003514591003608137,0.2719403734654188,0.0,0.0,0.0,0.017636597736738622,0.0,0.0,0.0,24.084619998931885,286.0,316.28464,0.0,286000,0.0,49.35239449486487
-6.0068798828125,-28.756788858413696,-6.0,-2.3812860210455257e-05,0.0035204471417593624,0.27208072620630264,0.0,0.0,0.0,0.01659975395910442,0.0,0.0,0.0,22.003618955612183,287.0,321.02518,0.0,287000,0.0,48.96577041124519
-6.048320281982422,-28.755421142578125,-6.0,-0.00017352839753220905,0.0035994314725753596,0.2719009025990963,0.0,0.0,0.0,0.01655808033887297,0.0,0.0,0.0,21.82538366317749,288.0,322.31308,0.0,288000,0.0,44.901343918575265
-5.94952796125412,-28.76301206588745,-6.0,0.000182238158693508,0.003570110257262878,0.2728315652310848,0.0,0.0,0.0,0.016913583795540036,0.0,0.0,0.0,21.412142515182495,289.0,317.5059,0.0,289000,0.0,114.80508220884623
-5.991308016300201,-28.769782577514647,-6.0,3.096814412128879e-05,0.0035213000041407943,0.2731584398448467,0.0,0.0,0.0,0.016513051909394564,0.0,0.0,0.0,20.756381511688232,290.0,317.50925,0.0,290000,0.0,46.81241892953718
-5.991693021774292,-28.771703746795655,-6.0,2.943644783226773e-05,0.0035276750840365187,0.27286803695559503,0.0,0.0,0.0,0.016965537620708345,0.0,0.0,0.0,50.79361438751221,291.0,319.077,0.0,291000,0.0,53.18279765177008
-6.019876532077789,-28.780572408676147,-6.0,-6.902678584810928e-05,0.003497102629777371,0.27313851317763327,0.0,0.0,0.0,0.016839018319733442,0.0,0.0,0.0,53.54472303390503,292.0,319.98303,0.0,292000,0.0,41.80981900482637
-5.99977002286911,-28.785389684677124,-6.0,1.3910128473071382e-06,0.003502222103588079,0.2737661360502243,0.0,0.0,0.0,0.01651717477850616,0.0,0.0,0.0,46.260310649871826,293.0,321.5744,0.0,293000,0.0,45.544585457851454
-6.002219322681427,-28.786287466049195,-6.0,-7.0709084975533185e-06,0.0035157611572002646,0.2738138108551502,0.0,0.0,0.0,0.017058039151132107,0.0,0.0,0.0,40.68829917907715,294.0,315.02872,0.0,294000,0.0,112.68794410226023
-6.004201098918915,-28.79090732574463,-6.0,-1.4369417665875517e-05,0.003549896453914541,0.27326112586259843,0.0,0.0,0.0,0.015904624818824233,0.0,0.0,0.0,44.959927558898926,295.0,315.842,0.0,295000,0.0,44.06607152872995
-5.980000064373017,-28.801251892089844,-6.0,7.11799763266754e-05,0.0034968768533961917,0.27446215860545636,0.0,0.0,0.0,0.016275310637429357,0.0,0.0,0.0,41.927918910980225,296.0,315.48322,0.0,296000,0.0,109.51281024580771
-5.9969225964546204,-28.806314964294433,-6.0,1.1166336480528117e-05,0.003484914705262848,0.27402948498725893,0.0,0.0,0.0,0.016615943998098372,0.0,0.0,0.0,50.15487241744995,297.0,312.7162,0.0,297000,0.0,114.04815872733245
-6.028029518604279,-28.816464767456054,-6.0,-9.828295453917235e-05,0.0035039009707183728,0.273665529191494,0.0,0.0,0.0,0.016279407932423055,0.0,0.0,0.0,58.400822162628174,298.0,315.98944,0.0,298000,0.0,111.9840775534939
-5.9783958525657654,-28.817601444244385,-6.0,7.692805343322107e-05,0.003543668830829842,0.2743351118564606,0.0,0.0,0.0,0.016303425776772202,0.0,0.0,0.0,96.28826665878296,299.0,323.47162,0.0,299000,0.0,48.3936039878437
-6.028012149810791,-28.82096921157837,-6.0,-9.875777235720307e-05,0.0035215955876451875,0.27435335898399354,0.0,0.0,0.0,0.01699945503845811,0.0,0.0,0.0,58.72012948989868,300.0,320.48932,0.0,300000,0.0,40.43490240840271
-5.979575918674469,-28.82140082550049,-6.0,7.325313269393518e-05,0.0035440282600937654,0.2745148286372423,0.0,0.0,0.0,0.016012681404128672,0.0,0.0,0.0,95.07369351387024,301.0,314.3724,0.0,301000,0.0,63.58817914573677
-5.988882277965546,-28.819918031692506,-6.0,3.954890048771631e-05,0.003515503137532872,0.2745174794048071,0.0,0.0,0.0,0.016542735285125672,0.0,0.0,0.0,100.12275886535645,302.0,317.11115,0.0,302000,0.0,47.65230490397466
-6.040453688621521,-28.82690425682068,-6.0,-0.00014293308644846547,0.003541541220061995,0.274133688300848,0.0,0.0,0.0,0.017270671263337135,0.0,0.0,0.0,66.64489078521729,303.0,309.881,0.0,303000,0.0,54.216269752577674
-5.983975593090057,-28.838674913406372,-6.0,5.788662363920594e-05,0.0035756888446371853,0.27510061997175217,0.0,0.0,0.0,0.015682257752865553,0.0,0.0,0.0,52.787697553634644,304.0,316.93402,0.0,304000,0.0,116.32103332569717
-5.995133152484894,-28.840566413879394,-6.0,1.7771958169760182e-05,0.0035461991418697723,0.2745646108835936,0.0,0.0,0.0,0.016033157913014292,0.0,0.0,0.0,45.08682060241699,305.0,317.52377,0.0,305000,0.0,116.80752619211508
-6.002043048381806,-28.847300729751588,-6.0,-6.705648302158807e-06,0.003545589503543254,0.27503826846182344,0.0,0.0,0.0,0.016174747785553337,0.0,0.0,0.0,40.70247435569763,306.0,317.52496,0.0,306000,0.0,115.7355004914304
-5.98225306558609,-28.856731206893922,-6.0,6.30355601242627e-05,0.0035257621051003334,0.2755084202289581,0.0,0.0,0.0,0.016337446832098066,0.0,0.0,0.0,56.66210436820984,307.0,319.98364,0.0,307000,0.0,114.19297018981003
-5.994655902862549,-28.863037454605102,-6.0,1.91871102033474e-05,0.0034840150358205137,0.27559865212440493,0.0,0.0,0.0,0.016391212169080974,0.0,0.0,0.0,49.101248264312744,308.0,314.7001,0.0,308000,0.0,113.42696846256571
-6.019993597507477,-28.86645851325989,-6.0,-6.973804399603978e-05,0.0035177054163658223,0.2762701895982027,0.0,0.0,0.0,0.01636942888982594,0.0,0.0,0.0,46.09487724304199,309.0,315.028,0.0,309000,0.0,48.64411253203765
-5.983980545043945,-28.869807256698607,-6.0,5.694628911805921e-05,0.0035621971284183077,0.27546905367076396,0.0,0.0,0.0,0.01604087387397885,0.0,0.0,0.0,42.793354749679565,310.0,319.9333,0.0,310000,0.0,108.28458712902349
-6.00989825630188,-28.870420154571534,-6.0,-3.4233571066579315e-05,0.0035096354754988557,0.2760092078447342,0.0,0.0,0.0,0.016327701394446194,0.0,0.0,0.0,90.72487807273865,311.0,319.94943,0.0,311000,0.0,51.11628695688971
-6.010410915374756,-28.873444412231446,-6.0,-3.626787836401491e-05,0.003540494424148543,0.275173313587904,0.0,0.0,0.0,0.016505378651432694,0.0,0.0,0.0,86.30894351005554,312.0,319.47626,0.0,312000,0.0,108.56796950376919
-6.0126178312301635,-28.881332180023193,-6.0,-4.469730286655249e-05,0.0035736495186405723,0.2757597929835319,0.0,0.0,0.0,0.016198118603788315,0.0,0.0,0.0,45.146401166915894,313.0,318.2579,0.0,313000,0.0,44.44266977432857
-5.981586959838867,-28.884610008239747,-6.0,6.611952016100985e-05,0.0035492394470974537,0.27592570380866527,0.0,0.0,0.0,0.016526439618319275,0.0,0.0,0.0,42.434425354003906,314.0,314.96152,0.0,314000,0.0,116.8637900765135
-5.999299860477447,-28.892534019470215,-6.0,2.9576336964964868e-06,0.0035336206062996315,0.2761823141872883,0.0,0.0,0.0,0.0162405484104529,0.0,0.0,0.0,76.75035977363586,315.0,315.5422,0.0,315000,0.0,106.1312694465557
-6.014816833972931,-28.90180805397034,-6.0,-5.204100443734205e-05,0.003541370940886679,0.2776214404553175,0.0,0.0,0.0,0.01609221456758678,0.0,0.0,0.0,41.453447341918945,316.0,321.25842,0.0,316000,0.0,46.793310130751756
-5.976141141891479,-28.89876455116272,-6.0,8.51091143413214e-05,0.0035503070495971002,0.2765878122150898,0.0,0.0,0.0,0.01631417960487306,0.0,0.0,0.0,77.40283513069153,317.0,313.11746,0.0,317000,0.0,55.51361291408008
-6.014237254619599,-28.901361965179444,-6.0,-4.982793486851733e-05,0.003539140510681156,0.2769911294281483,0.0,0.0,0.0,0.016357701785862447,0.0,0.0,0.0,80.39754462242126,318.0,319.65085,0.0,318000,0.0,52.34792018487009
-6.010773572444916,-28.91249019432068,-6.0,-3.8031950305594364e-05,0.003569340631193179,0.27783829294145107,0.0,0.0,0.0,0.0161175461569801,0.0,0.0,0.0,81.71919131278992,319.0,316.386,0.0,319000,0.0,108.35340852478728
-6.000877006530762,-28.91216744041443,-6.0,-2.757616275630426e-06,0.0035858197669233925,0.27645835414528847,0.0,0.0,0.0,0.016639330037869514,0.0,0.0,0.0,39.664716482162476,320.0,317.07132,0.0,320000,0.0,54.37402374066617
-6.005446993350983,-28.921708120346068,-6.0,-1.8922147181001493e-05,0.003610571451992502,0.27733930478990076,0.0,0.0,0.0,0.01616827787645161,0.0,0.0,0.0,60.67379331588745,321.0,314.5108,0.0,321000,0.0,107.00060697575783
-5.975847579956055,-28.92677025604248,-6.0,8.64295681094518e-05,0.00355700796073234,0.2773493828177452,0.0,0.0,0.0,0.016183267156593503,0.0,0.0,0.0,64.86659741401672,322.0,317.70874,0.0,322000,0.0,109.98281411373104
-5.980477310657501,-28.924017766952513,-6.0,6.896413664071589e-05,0.0035335123326256618,0.2769436354935169,0.0,0.0,0.0,0.01622973521333188,0.0,0.0,0.0,84.41268587112427,323.0,320.478,0.0,323000,0.0,40.62362051524646
-6.009129417896271,-28.92929786872864,-6.0,-3.1363017624244096e-05,0.003501153815266258,0.2778920957148075,0.0,0.0,0.0,0.016026871443726123,0.0,0.0,0.0,61.44215726852417,324.0,317.9669,0.0,324000,0.0,57.40514181765125
-6.032093671798706,-28.932936067581178,-6.0,-0.00011320351139147533,0.0035223548164019032,0.2770582388341427,0.0,0.0,0.0,0.015978769603185356,0.0,0.0,0.0,69.03995847702026,325.0,320.5715,0.0,325000,0.0,51.65630995738255
-5.963348014354706,-28.93587732887268,-6.0,0.00013020673779101343,0.003510991285802012,0.2772153200060129,0.0,0.0,0.0,0.015444428702816367,0.0,0.0,0.0,67.79134631156921,326.0,317.7979,0.0,326000,0.0,57.87408810321389
-5.998427130699158,-28.944663497924804,-6.0,5.994777966407128e-06,0.0035168774350082263,0.27798164668679237,0.0,0.0,0.0,0.016372807293199003,0.0,0.0,0.0,64.49631071090698,327.0,317.77438,0.0,327000,0.0,110.90235186806623
-6.012747699260712,-28.949560117721557,-6.0,-4.4134777948784176e-05,0.0034981556985658043,0.2790405088961124,0.0,0.0,0.0,0.016783147244714202,0.0,0.0,0.0,61.53960585594177,328.0,312.11154,0.0,328000,0.0,116.53498058410469
-6.011026539802551,-28.95116302680969,-6.0,-3.853060345863923e-05,0.003552088886133505,0.2784413814693689,0.0,0.0,0.0,0.01628301121480763,0.0,0.0,0.0,154.2813377380371,329.0,319.50732,0.0,329000,0.0,109.55301859469863
-5.990639175415039,-28.953731132507325,-6.0,3.358954117356916e-05,0.003545523090174023,0.27769835956394673,0.0,0.0,0.0,0.015731170259416102,0.0,0.0,0.0,96.30041575431824,330.0,317.62573,0.0,330000,0.0,40.9160689881551
-5.976641071796418,-28.960538709640502,-6.0,8.200271675741533e-05,0.0034751860497833006,0.2786615103632212,0.0,0.0,0.0,0.015648875173181295,0.0,0.0,0.0,149.2544572353363,331.0,312.48007,0.0,331000,0.0,110.85883833582402
-5.992207323074341,-28.968449459075927,-6.0,2.722145837469725e-05,0.003446526887000596,0.2785227394402027,0.0,0.0,0.0,0.015477280700579285,0.0,0.0,0.0,79.66992545127869,332.0,315.9042,0.0,332000,0.0,108.49201975211734
-6.011922520160675,-28.970566305160524,-6.0,-4.065863799769432e-05,0.00343736109486474,0.2782906882017851,0.0,0.0,0.0,0.01590172447171062,0.0,0.0,0.0,26.825894832611084,333.0,323.08487,0.0,333000,0.0,43.349993453245006
-5.995444965839386,-28.973455841064453,-6.0,1.6253872170636895e-05,0.0034800849005513735,0.27829284262657167,0.0,0.0,0.0,0.015823703861795366,0.0,0.0,0.0,19.72479248046875,334.0,322.78943,0.0,334000,0.0,53.08045469217388
-5.999867929935455,-28.975612852096557,-6.0,9.973553715099115e-07,0.0034498211279740737,0.27836891067028047,0.0,0.0,0.0,0.016117966056801377,0.0,0.0,0.0,69.99179863929749,335.0,320.72803,0.0,335000,0.0,47.58205311381027
-6.0057183389663695,-28.977408060073852,-6.0,-1.930409939814126e-05,0.0034511400506432046,0.27838122071325777,0.0,0.0,0.0,0.01558708579838276,0.0,0.0,0.0,104.01356554031372,336.0,322.99725,0.0,336000,0.0,42.39902526709487
-6.003925317287445,-28.9831504573822,-6.0,-1.3153585809050128e-05,0.003518553757386422,0.2791192631870508,0.0,0.0,0.0,0.015846092690713704,0.0,0.0,0.0,55.184953451156616,337.0,318.6629,0.0,337000,0.0,47.54024843392901
-5.9922135076522824,-28.987739231109618,-6.0,2.744299394544214e-05,0.0034835441764674946,0.27984338568150996,0.0,0.0,0.0,0.01557607893832028,0.0,0.0,0.0,36.160669565200806,338.0,314.89392,0.0,338000,0.0,107.51631864621795
